Date,Open,High,Low,Close,Volume
1/2/2019 16:56:00,5.64,5.81,5.6,5.81,844300
1/3/2019 16:56:00,5.78,5.8,5.61,5.75,823200
1/4/2019 16:56:00,5.75,5.76,5.58,5.58,866300
1/7/2019 16:56:00,5.56,5.7,5.54,5.66,661700
1/8/2019 16:56:00,5.68,5.7,5.6,5.62,606200
1/9/2019 16:56:00,5.66,5.69,5.56,5.6,774900
1/10/2019 16:56:00,5.6,5.66,5.56,5.65,763500
1/11/2019 16:56:00,5.66,5.67,5.55,5.55,1171300
1/14/2019 16:56:00,5.56,5.62,5.5,5.6,1066500
1/15/2019 16:56:00,5.63,5.65,5.49,5.53,1028200
1/16/2019 16:56:00,5.54,5.56,5.41,5.47,1107900
1/17/2019 16:56:00,5.44,5.51,5.4,5.45,897700
1/18/2019 16:56:00,5.49,5.53,5.42,5.45,703000
1/21/2019 16:56:00,5.44,5.45,5.22,5.22,1250400
1/22/2019 16:56:00,5.1,5.22,5.02,5.07,2032700
1/23/2019 16:56:00,5.13,5.32,5.09,5.3,1195300
1/24/2019 16:56:00,5.33,5.35,5.16,5.24,1132700
1/28/2019 16:56:00,5.19,5.27,5.13,5.23,782900
1/29/2019 16:56:00,5.25,5.62,5.25,5.57,1599200
1/30/2019 16:56:00,5.63,5.69,5.41,5.51,1374100
1/31/2019 16:56:00,5.55,5.66,5.43,5.6,955800
2/1/2019 16:56:00,5.6,5.64,5.51,5.59,645800
2/4/2019 16:56:00,5.55,5.57,5.46,5.54,542600
2/5/2019 16:56:00,5.53,5.54,5.46,5.49,451700
2/6/2019 16:56:00,5.45,5.45,5.27,5.3,807700
2/7/2019 16:56:00,5.33,5.48,5.21,5.21,1177000
2/8/2019 16:56:00,5.25,5.31,5.14,5.31,688300
2/11/2019 16:56:00,5.31,5.31,5.14,5.17,678600
2/12/2019 16:56:00,5.22,5.26,5.1,5.15,1019600
2/13/2019 16:56:00,5.18,5.19,4.95,5.04,1202000
2/14/2019 16:56:00,5.08,5.35,5,5.34,1054500
2/15/2019 16:56:00,5.3,5.31,5.13,5.13,982500
2/18/2019 16:56:00,5.12,5.27,5.08,5.27,468200
2/19/2019 16:56:00,5.25,5.38,5.24,5.3,946000
2/20/2019 16:56:00,5.37,5.37,5.07,5.08,1511200
2/21/2019 16:56:00,5.13,5.14,4.99,5.04,1269900
2/22/2019 16:56:00,5.31,5.66,5.19,5.56,3813700
2/25/2019 16:56:00,5.59,5.62,5.43,5.43,1292500
2/26/2019 16:56:00,5.41,5.62,5.35,5.58,1055600
2/27/2019 16:56:00,5.58,5.61,5.46,5.5,797000
2/28/2019 16:56:00,5.5,5.53,5.32,5.42,1001400
3/1/2019 16:56:00,5.47,5.6,5.41,5.48,887900
3/6/2019 16:56:00,5.48,5.48,5.35,5.36,485100
3/7/2019 16:56:00,5.36,5.56,5.33,5.54,1240100
3/8/2019 16:56:00,5.5,5.73,5.43,5.65,1694000
3/11/2019 16:56:00,5.65,5.75,5.57,5.71,1221200
3/12/2019 16:56:00,5.66,5.67,5.56,5.59,707000
3/13/2019 16:56:00,5.57,5.61,5.49,5.54,717800
3/14/2019 16:56:00,5.53,5.58,5.49,5.52,426200
3/15/2019 16:56:00,5.56,5.58,5.49,5.54,792800
3/18/2019 16:56:00,5.53,5.67,5.51,5.64,1351400
3/19/2019 16:56:00,5.62,5.71,5.61,5.65,676700
3/20/2019 16:56:00,5.65,5.7,5.6,5.68,725500
3/21/2019 16:56:00,5.64,5.7,5.6,5.7,984300
3/22/2019 16:56:00,5.62,5.69,5.4,5.42,1384900
3/25/2019 16:56:00,5.43,5.51,5.33,5.41,1034100
3/26/2019 16:56:00,5.47,5.52,5.43,5.52,765300
3/27/2019 16:56:00,5.47,5.47,5.2,5.25,1609800
3/28/2019 16:56:00,5.28,5.39,5.16,5.34,1400300
3/29/2019 16:56:00,5.38,5.44,5.35,5.4,717500
4/1/2019 16:56:00,5.44,5.46,5.35,5.35,507100
4/2/2019 16:56:00,5.39,5.39,5.17,5.19,1112700
4/3/2019 16:56:00,5.25,5.4,5.21,5.29,1267600
4/4/2019 16:56:00,5.31,5.36,5.24,5.28,711900
4/5/2019 16:56:00,5.29,5.34,5.24,5.31,737300
4/8/2019 16:56:00,5.3,5.32,5.16,5.21,2410000
4/9/2019 16:56:00,5.19,5.26,5.11,5.2,1059700
4/10/2019 16:56:00,5.22,5.27,5.17,5.27,636400
4/11/2019 16:56:00,5.26,5.26,5.13,5.19,650900
4/12/2019 16:56:00,5.13,5.27,5.07,5.15,833400
4/15/2019 16:56:00,5.19,5.22,5.08,5.11,1311900
4/16/2019 16:56:00,5.1,5.18,5.05,5.09,747800
4/17/2019 16:56:00,5.11,5.15,4.96,5,1230800
4/18/2019 16:56:00,5.03,5.35,5.01,5.34,1375500
4/22/2019 16:56:00,5.31,5.32,5.19,5.23,435000
4/23/2019 16:56:00,5.25,5.36,5.25,5.35,521200
4/24/2019 16:56:00,5.34,5.41,5.27,5.39,812500
4/25/2019 16:56:00,5.35,5.47,5.32,5.47,774400
4/26/2019 16:56:00,5.5,5.63,5.48,5.59,1156600
4/29/2019 16:56:00,5.6,5.63,5.54,5.58,514000
4/30/2019 16:56:00,5.74,5.98,5.72,5.98,2144800
5/2/2019 16:56:00,5.9,6.02,5.87,5.96,1354900
5/3/2019 16:56:00,5.97,6.22,5.97,6.13,1202400
5/6/2019 16:56:00,6.1,6.28,6.07,6.26,1538500
5/7/2019 16:56:00,6.3,6.32,5.98,6.01,1714300
5/8/2019 16:56:00,6,6.11,6,6.05,908300
5/9/2019 16:56:00,6.03,6.03,5.81,5.81,1080900
5/10/2019 16:56:00,5.85,5.9,5.66,5.83,884300
5/13/2019 16:56:00,5.77,5.79,5.63,5.63,935200
5/14/2019 16:56:00,5.72,5.78,5.56,5.57,1021400
5/15/2019 16:56:00,5.51,5.51,5.37,5.41,1488400
5/16/2019 16:56:00,5.38,5.4,5.21,5.22,1778500
5/17/2019 16:56:00,5.16,5.4,5.16,5.28,1060800
5/20/2019 16:56:00,5.31,5.48,5.29,5.41,1029500
5/21/2019 16:56:00,5.5,5.68,5.49,5.61,1165600
5/22/2019 16:56:00,5.66,5.76,5.56,5.63,1113800
5/23/2019 16:56:00,5.55,5.7,5.47,5.64,1041800
5/24/2019 16:56:00,5.7,5.74,5.5,5.53,809700
5/27/2019 16:56:00,5.66,5.69,5.56,5.56,490700
5/28/2019 16:56:00,5.64,5.91,5.63,5.91,2066500
5/29/2019 16:56:00,5.95,6.11,5.85,5.92,1416300
5/30/2019 16:56:00,5.94,6.08,5.93,6.03,905700
5/31/2019 16:56:00,6,6.13,5.99,6.13,847300
6/3/2019 16:56:00,6.16,6.21,6.05,6.09,834200
6/4/2019 16:56:00,6.19,6.22,6,6.08,819400
6/5/2019 16:56:00,6.13,6.16,5.88,5.98,1271100
6/6/2019 16:56:00,6.06,6.06,5.88,5.94,689400
6/7/2019 16:56:00,5.96,6.2,5.96,6.2,985000
6/10/2019 16:56:00,6.21,6.39,6.14,6.33,1174800
6/11/2019 16:56:00,6.38,6.55,6.37,6.48,1131100
6/12/2019 16:56:00,6.44,6.44,6.28,6.35,1331600
6/13/2019 16:56:00,6.44,6.57,6.42,6.55,1288800
6/14/2019 16:56:00,6.53,6.72,6.42,6.61,1482400
6/17/2019 16:56:00,6.63,6.75,6.47,6.49,1378400
6/18/2019 16:56:00,6.58,6.65,6.47,6.51,1107000
6/19/2019 16:56:00,6.47,6.6,6.41,6.56,2601300
6/21/2019 16:56:00,6.6,6.69,6.59,6.65,1241800
6/24/2019 16:56:00,6.63,6.69,6.52,6.56,846700
6/25/2019 16:56:00,6.53,6.6,6.46,6.46,1043800
6/26/2019 16:56:00,6.5,6.57,6.47,6.52,713800
6/27/2019 16:56:00,6.51,6.55,6.42,6.52,744300
6/28/2019 16:56:00,6.55,6.6,6.48,6.6,1014400
7/1/2019 16:56:00,6.63,6.68,6.54,6.57,714300
7/2/2019 16:56:00,6.59,6.64,6.53,6.64,711100
7/3/2019 16:56:00,6.62,6.9,6.6,6.9,1359700
7/4/2019 16:56:00,6.96,7,6.91,6.91,1134900
7/5/2019 16:56:00,6.94,7.13,6.89,7.07,984400
7/8/2019 16:56:00,7.07,7.23,7.04,7.17,942800
7/10/2019 16:56:00,7.23,7.37,7.23,7.3,1119200
7/11/2019 16:56:00,7.37,7.37,7.16,7.21,1078700
7/12/2019 16:56:00,7.35,7.51,7.25,7.25,1930500
7/15/2019 16:56:00,7.35,7.36,7.19,7.21,936300
7/16/2019 16:56:00,7.25,7.32,7.24,7.31,697300
7/17/2019 16:56:00,7.41,7.84,7.41,7.64,2615300
7/18/2019 16:56:00,7.74,7.83,7.66,7.72,1245600
7/19/2019 16:56:00,7.78,7.8,7.44,7.44,1514000
7/22/2019 16:56:00,7.53,7.74,7.47,7.73,1497300
7/23/2019 16:56:00,7.78,7.8,7.54,7.56,1137100
7/24/2019 16:56:00,7.6,7.79,7.6,7.68,868100
7/25/2019 16:56:00,7.74,7.76,7.57,7.64,1122800
7/26/2019 16:56:00,7.7,7.93,7.66,7.88,1183900
7/29/2019 16:56:00,7.88,8.27,7.84,8.25,1445300
7/30/2019 16:56:00,8.25,8.49,8.22,8.27,1765700
7/31/2019 16:56:00,8.37,8.44,8.14,8.24,1575600
8/1/2019 16:56:00,8.42,8.73,8.39,8.64,2481100
8/2/2019 16:56:00,8.77,8.9,8.67,8.86,1427100
8/5/2019 16:56:00,8.82,8.82,8.61,8.63,1859900
8/6/2019 16:56:00,8.9,9.27,8.89,9.15,17456100
8/7/2019 16:56:00,9.23,9.23,8.81,9.08,11607900
8/8/2019 16:56:00,9.18,9.34,9.14,9.29,9756600
8/9/2019 16:56:00,9.29,9.67,9.29,9.45,12072100
8/12/2019 16:56:00,9.45,9.45,9,9.11,9684700
8/13/2019 16:56:00,9.4,9.58,9.36,9.47,16111100
8/14/2019 16:56:00,9.35,9.57,9.15,9.24,13248900
8/15/2019 16:56:00,9.38,9.51,9.03,9.08,10076700
8/16/2019 16:56:00,9.4,9.47,9.1,9.39,8958600
8/19/2019 16:56:00,9.52,9.55,9.33,9.46,5789500
8/20/2019 16:56:00,9.42,9.42,9.06,9.14,10335600
8/21/2019 16:56:00,9.2,9.31,9.14,9.14,6381100
8/22/2019 16:56:00,9.18,9.23,8.57,8.61,13206600
8/23/2019 16:56:00,8.42,8.75,8.25,8.45,16599800
8/26/2019 16:56:00,8.72,8.75,8.32,8.43,9653400
8/27/2019 16:56:00,8.57,8.74,8.46,8.56,13015100
8/28/2019 16:56:00,8.51,8.75,8.38,8.73,11048900
8/29/2019 16:56:00,8.9,9.32,8.84,9.32,13966500
8/30/2019 16:56:00,9.4,9.49,8.98,9.08,11111400
9/2/2019 16:56:00,9.13,9.24,9.02,9.16,6832200
9/3/2019 16:56:00,9.07,9.35,8.95,8.97,7398000
9/4/2019 16:56:00,9.17,9.3,9.09,9.3,7856200
9/5/2019 16:56:00,9.38,9.45,9.17,9.18,7157900
9/6/2019 16:56:00,9.25,9.27,8.97,9,7881600
9/9/2019 16:56:00,9.03,9.04,8.38,8.55,14356800
9/10/2019 16:56:00,8.25,8.33,7.91,8.13,24012600
9/11/2019 16:56:00,8.43,8.67,8.29,8.65,16414500
9/12/2019 16:56:00,8.75,8.85,8.47,8.75,12629300
9/13/2019 16:56:00,8.81,8.82,8.52,8.53,7778800
9/16/2019 16:56:00,8.45,8.72,8.2,8.72,10675200
9/17/2019 16:56:00,8.54,8.8,8.46,8.72,10363900
9/18/2019 16:56:00,8.63,8.8,8.62,8.77,6393800
9/19/2019 16:56:00,8.85,9.09,8.85,8.96,11576000
9/20/2019 16:56:00,8.99,9.14,8.87,9.14,10679600
9/23/2019 16:56:00,9.15,9.15,8.94,9,6168400
9/24/2019 16:56:00,9.03,9.25,9,9.2,9428700
9/25/2019 16:56:00,9.14,9.22,8.94,9.18,5665200
9/26/2019 16:56:00,9.21,9.32,9.13,9.15,6935100
9/27/2019 16:56:00,9.14,9.21,9.04,9.2,4086600
9/30/2019 16:56:00,9.19,9.31,9.14,9.26,5172100
10/1/2019 16:56:00,9.29,9.37,9.18,9.37,6463700
10/2/2019 16:56:00,9.29,9.33,9.07,9.13,8871700
10/3/2019 16:56:00,9.14,9.33,9.02,9.33,5797500
10/4/2019 16:56:00,9.35,9.73,9.33,9.7,14940000
10/7/2019 16:56:00,9.65,9.94,9.54,9.6,9909300
10/8/2019 16:56:00,9.66,9.75,9.47,9.5,10663300
10/9/2019 16:56:00,9.58,9.92,9.57,9.92,8973400
10/10/2019 16:56:00,9.93,10,9.7,9.74,7602600
10/11/2019 16:56:00,9.87,10.19,9.84,10.13,10985200
10/14/2019 16:56:00,10,10.55,9.98,10.55,11031200
10/15/2019 16:56:00,10.55,10.7,10.31,10.45,9588300
10/16/2019 16:56:00,10.41,10.72,10.25,10.69,10302800
10/17/2019 16:56:00,10.68,11.09,10.65,10.8,13354000
10/18/2019 16:56:00,10.86,10.99,10.59,10.75,7146100
10/21/2019 16:56:00,10.84,10.89,10.61,10.78,6180400
10/22/2019 16:56:00,10.8,11,10.8,10.93,5996400
10/23/2019 16:56:00,10.9,11,10.73,10.88,8091400
10/24/2019 16:56:00,10.88,10.99,10.79,10.82,5986100
10/25/2019 16:56:00,10.85,10.88,10.5,10.5,8152100
10/28/2019 16:56:00,10.55,10.8,10.52,10.67,10587000
10/29/2019 16:56:00,10.8,10.85,10.16,10.29,12482700
10/30/2019 16:56:00,10.72,11.11,10.57,11.01,32093300
10/31/2019 16:56:00,10.84,11.16,10.65,11.16,23982600
11/1/2019 16:56:00,11.24,11.83,11.23,11.8,23109600
11/4/2019 16:56:00,12.04,12.2,11.2,11.25,31343400
11/5/2019 16:56:00,11.33,11.57,10.88,11.01,18187200
11/6/2019 16:56:00,11.13,11.33,10.88,11.3,11794000
11/7/2019 16:56:00,11.41,11.48,11.04,11.05,9778700
11/8/2019 16:56:00,10.88,11.2,10.74,10.96,10639700
11/11/2019 16:56:00,10.88,11.37,10.81,11.26,11163900
11/12/2019 16:56:00,11.3,11.37,10.77,10.85,16359300
11/13/2019 16:56:00,10.72,10.72,10.43,10.63,22822800
11/14/2019 16:56:00,10.68,11.12,10.65,11.07,18068100
11/18/2019 16:56:00,11.25,11.3,10.95,11.25,27655300
11/19/2019 16:56:00,11.25,11.32,10.89,11.13,14932900
11/21/2019 16:56:00,11.23,11.28,11.07,11.25,10712400
11/22/2019 16:56:00,11.18,11.43,11.14,11.38,11996000
11/25/2019 16:56:00,11.38,11.38,11.08,11.08,9077000
11/26/2019 16:56:00,11.05,11.08,10.63,10.76,17986100
11/27/2019 16:56:00,10.87,11.4,10.8,11.4,16283500
11/28/2019 16:56:00,11.34,11.52,11.21,11.4,12047500
11/29/2019 16:56:00,11.45,11.48,11.26,11.26,11377600
12/2/2019 16:56:00,11.37,11.42,11.13,11.23,9853300
12/3/2019 16:56:00,11.3,11.31,11,11.15,8611400
12/4/2019 16:56:00,11.18,11.44,11,11.02,14590900
12/5/2019 16:56:00,11.07,11.3,11.02,11.23,9759600
12/6/2019 16:56:00,11.26,11.4,11.2,11.35,7553200
12/9/2019 16:56:00,11.35,11.63,11.33,11.47,12761500
12/10/2019 16:56:00,11.49,11.65,11.33,11.65,8437900
12/11/2019 16:56:00,11.72,11.98,11.67,11.9,11267900
12/12/2019 16:56:00,11.99,12.1,11.89,11.96,9065400
12/13/2019 16:56:00,12.08,12.42,12,12.27,13658200
12/16/2019 16:56:00,12.38,12.47,12.17,12.33,10686500
12/17/2019 16:56:00,12.35,12.35,11.81,11.97,12119300
12/18/2019 16:56:00,12.04,12.25,11.92,12.14,10302500
12/19/2019 16:56:00,12.14,12.19,11.98,12.16,7519900
12/20/2019 16:56:00,12.16,12.26,11.99,12.15,9185700
12/23/2019 16:56:00,12.15,12.32,12.1,12.19,6502300
12/26/2019 16:56:00,12.2,12.28,12.16,12.28,4849300
12/27/2019 16:56:00,12.29,12.36,12.04,12.19,5924900
12/30/2019 16:56:00,12.2,12.25,11.88,11.93,8087600
1/2/2020 16:56:00,12.08,12.34,11.93,12.34,7400200
1/3/2020 17:50:00,12.13,12.34,12.08,12.23,6684400
1/6/2020 16:56:00,12.1,12.33,11.95,12.24,6839800
1/7/2020 16:56:00,12.24,12.3,12.13,12.2,6704700
1/8/2020 16:56:00,12.16,12.59,12.13,12.58,10001800
1/9/2020 16:56:00,12.63,13.06,12.61,13.02,11030000
1/10/2020 16:56:00,13.03,13.27,12.77,12.95,9371100
1/13/2020 16:56:00,13.05,13.56,13.04,13.56,8576800
1/14/2020 16:56:00,13.5,13.77,13.4,13.5,8295200
1/15/2020 16:56:00,13.42,13.59,13.3,13.42,9241400
1/16/2020 16:56:00,13.55,13.68,13.08,13.37,8378800
1/17/2020 16:56:00,13.45,13.61,13.28,13.59,6046000
1/20/2020 16:56:00,13.53,14,13.52,14,7405900
1/21/2020 16:56:00,13.93,14.19,13.91,13.98,8064300
1/22/2020 16:56:00,14.13,14.28,13.71,13.93,9015600
1/23/2020 16:56:00,13.92,14.18,13.74,14.15,8184900
1/24/2020 16:56:00,14.2,14.27,14,14.04,7518700
1/27/2020 16:56:00,13.77,13.83,13.44,13.45,7523800
1/28/2020 16:56:00,13.51,14.25,13.51,14.25,10356400
1/29/2020 16:56:00,14.38,14.53,14.17,14.33,9949500
1/30/2020 16:56:00,14.1,14.18,13.76,14.13,11075900
1/31/2020 16:56:00,13.91,14.29,13.8,13.95,9695300
2/3/2020 16:56:00,14.12,14.24,13.92,14.14,6141500
2/4/2020 16:56:00,14.4,14.67,14.29,14.42,8218200
2/5/2020 16:56:00,14.63,14.71,14.26,14.33,8621100
2/6/2020 16:56:00,14.5,14.54,13.95,13.96,10291000
2/7/2020 16:56:00,13.93,13.99,13.38,13.56,9770800
2/10/2020 16:56:00,13.5,13.89,12.89,13.1,12831200
2/11/2020 16:56:00,13.3,13.7,12.94,13.57,9488700
2/12/2020 16:56:00,13.64,14.14,13.57,13.99,10526000
2/13/2020 16:56:00,13.73,14.33,13.53,14.27,13744600
2/14/2020 16:56:00,14.4,14.49,14,14.09,9170000
2/17/2020 16:56:00,14.5,14.98,14.29,14.72,18443800
2/18/2020 16:56:00,14.57,14.78,14.38,14.56,9558500
2/19/2020 16:56:00,14.59,14.73,14.41,14.47,9128500
2/20/2020 16:56:00,14.49,14.54,13.96,14.14,11139500
2/21/2020 16:56:00,13.92,14.46,13.85,14.12,9585500
2/26/2020 16:56:00,13.27,13.52,12.94,13.22,13429100
2/27/2020 16:56:00,13,13.35,12.51,12.57,14704700
2/28/2020 16:56:00,12.25,12.63,11.81,12.63,19699800
3/2/2020 16:56:00,12.68,13.36,12.46,13.14,16152900
3/3/2020 16:56:00,13.17,13.7,12.92,13.22,14598000
3/4/2020 16:56:00,13.6,13.62,12.97,13.12,11335600
3/5/2020 16:56:00,13,13,11.65,11.95,21196500
3/6/2020 16:56:00,11.04,11.61,10.77,11.34,28342800
3/9/2020 16:56:00,9.76,10.59,9.7,10.09,24294600
3/10/2020 16:56:00,11.25,11.76,10.57,11.75,20528500
3/11/2020 16:56:00,11.25,11.69,9.98,10.77,20082900
3/12/2020 16:56:00,9,9.71,7.64,8.5,17509200
3/13/2020 16:56:00,10.63,10.69,8.56,10.5,30140700
3/16/2020 16:56:00,8.75,9.98,8.52,8.52,23096200
3/17/2020 16:56:00,9.03,9.42,8.22,8.9,27054900
3/18/2020 16:56:00,8.01,8.41,6.62,7.2,30437100
3/19/2020 16:56:00,6.88,7.84,6.25,7.64,22506900
3/20/2020 16:56:00,8.2,9.02,7.66,7.66,19756400
3/23/2020 16:56:00,8.13,8.24,7.39,7.55,21456500
3/24/2020 16:56:00,8.43,9.45,8.43,9.17,20687300
3/25/2020 16:56:00,9.23,10.84,9.18,10,31293400
3/26/2020 16:56:00,10.16,11.1,10.07,10.28,22885300
3/27/2020 16:56:00,9.68,10.19,9.42,9.75,17073500
3/30/2020 16:56:00,10.25,10.51,9.95,10.4,18942200
3/31/2020 16:56:00,10.62,10.8,9.71,9.75,24290400
4/1/2020 16:56:00,9.35,9.79,9.02,9.37,18415300
4/2/2020 16:56:00,9.56,9.68,8.78,8.98,20572500
4/3/2020 16:56:00,8.84,8.92,8.34,8.89,16452600
4/6/2020 16:56:00,9.6,9.85,9.31,9.55,16251500
4/7/2020 16:56:00,10.36,10.65,10.03,10.03,19648800
4/8/2020 16:56:00,10.07,10.55,9.86,10.49,15821300
4/9/2020 16:56:00,10.71,10.93,10.32,10.42,12969900
4/13/2020 16:56:00,10.28,10.53,10.17,10.48,8456100
4/14/2020 16:56:00,10.73,10.85,10.59,10.73,11311100
4/15/2020 16:56:00,10.53,11.08,10.38,10.97,13530600
4/16/2020 16:56:00,11.17,11.5,11.05,11.4,14580900
4/17/2020 16:56:00,11.67,11.73,10.98,11.15,12116900
4/20/2020 16:56:00,10.93,12.14,10.82,12.12,19963900
4/22/2020 16:56:00,12.38,13.05,12.28,12.64,22373900
4/23/2020 16:56:00,12.97,13.13,12.15,12.37,17547400
4/24/2020 16:56:00,12.1,12.29,10.67,11.85,26489800
4/27/2020 16:56:00,12.31,12.5,12,12.38,17502500
4/28/2020 16:56:00,12.75,12.95,12.54,12.95,14486800
4/29/2020 16:56:00,13.15,13.23,12.54,12.66,16780100
4/30/2020 16:56:00,12.47,12.89,12.28,12.43,11691900
5/4/2020 16:56:00,12,12.92,11.83,12.86,13088100
5/5/2020 16:56:00,13.04,13.2,12.54,12.55,12887500
5/6/2020 16:56:00,13.06,14.02,13.01,13.79,29841400
5/7/2020 16:56:00,14.13,14.55,13.35,14.2,23166800
5/8/2020 16:56:00,14.48,14.48,13.69,13.89,13877500
5/11/2020 16:56:00,13.86,14.14,13.64,13.74,8451100
5/12/2020 16:56:00,13.88,14.25,13.52,13.7,10259800
5/13/2020 16:56:00,13.9,13.99,13.61,13.78,12325400
5/14/2020 16:56:00,13.7,13.93,13.45,13.88,13387100
5/15/2020 16:56:00,13.75,14.07,13.58,13.79,8773600
5/18/2020 16:56:00,14.13,14.18,13.78,13.94,10389400
5/19/2020 16:56:00,13.99,14.82,13.93,14.65,14923800
5/20/2020 16:56:00,14.75,14.88,14.22,14.23,12111200
5/21/2020 16:56:00,14.4,14.78,14.27,14.58,10627200
5/22/2020 16:56:00,14.48,14.83,14.29,14.42,11111800
5/25/2020 16:56:00,14.8,15.25,14.72,15.1,10932700
5/26/2020 16:56:00,15.8,17.04,15.79,16.12,25598600
5/27/2020 16:56:00,16.72,16.95,16.19,16.85,14189900
5/28/2020 16:56:00,16.82,16.89,16.13,16.32,13656600
5/29/2020 16:56:00,16.33,16.43,16,16.09,16845800
6/1/2020 16:56:00,16,16.17,15.69,15.93,8825800
6/2/2020 16:56:00,16.16,16.25,15.36,15.45,18678800
6/3/2020 16:56:00,15.72,15.87,15.05,15.6,19666300
6/4/2020 16:56:00,15.41,15.54,15.01,15.13,12876800
6/5/2020 16:56:00,15.5,15.53,14.63,14.87,19427400
6/8/2020 16:56:00,15.01,15.82,14.83,15.6,20720300
6/9/2020 16:56:00,15.3,15.93,15.23,15.6,11476100
6/10/2020 16:56:00,15.75,16.27,15.29,16.15,19867500
6/12/2020 16:56:00,15.71,16.25,15.63,15.99,17166100
6/15/2020 16:56:00,15.71,16.47,15.56,16.47,14722200
6/16/2020 16:56:00,16.66,16.87,16.15,16.51,15613500
6/17/2020 16:56:00,16.61,17.17,16.49,16.8,19341900
6/18/2020 16:56:00,16.8,17.74,16.49,17.43,19522200
6/19/2020 16:56:00,17.75,17.94,17.61,17.86,20071500
6/22/2020 16:56:00,17.91,18.09,17.55,17.73,9359400
6/23/2020 16:56:00,17.9,18.03,17.57,17.57,7408700
6/24/2020 16:56:00,17.56,17.9,17.06,17.46,10694600
6/25/2020 16:56:00,17.48,17.68,17.19,17.43,7928200
6/26/2020 16:56:00,17.38,17.73,17.17,17.34,8242900
6/29/2020 16:56:00,17.55,17.61,17.09,17.61,8285600
6/30/2020 16:56:00,17.46,18.23,17.42,17.92,12884800
7/1/2020 16:56:00,18,18.13,17.73,18.08,8864300
7/2/2020 16:56:00,18.19,18.32,17.53,17.53,10932400
7/3/2020 16:56:00,17.56,18.02,17.33,18.01,7094900
7/6/2020 16:56:00,18.21,18.3,17.91,18,8159000
7/7/2020 16:56:00,17.98,18.7,17.77,18.69,12432500
7/8/2020 16:56:00,18.82,19.18,18.71,19.18,11698800
7/10/2020 16:56:00,19.83,20.26,19.74,20.05,12989400
7/13/2020 16:56:00,20.16,20.56,20.06,20.13,11128500
7/14/2020 16:56:00,20.19,20.59,19.87,20.13,14203400
7/15/2020 16:56:00,20.33,20.48,20.22,20.38,12774200
7/16/2020 16:56:00,20.28,20.46,19.79,20.05,11218800
7/17/2020 16:56:00,20.13,20.56,20.13,20.51,11010500
7/20/2020 16:56:00,20.6,21.8,20.53,21.76,10871200
7/21/2020 16:56:00,22.18,22.38,20.94,21.08,15297500
7/22/2020 16:56:00,21.01,21.52,20.55,21.17,10813000
7/23/2020 16:56:00,21.28,21.36,19.63,20.11,12729900
7/24/2020 16:56:00,19.98,19.98,19.31,19.92,13623700
7/27/2020 16:56:00,20.17,20.49,19.63,19.84,10208000
7/28/2020 16:56:00,19.84,20.28,19.64,20.11,7497400
7/29/2020 16:56:00,20.25,20.36,19.89,20.06,6350100
7/30/2020 16:56:00,19.81,20.87,19.77,20.83,11514600
7/31/2020 16:56:00,21.06,21.19,20.01,20.18,11386000
8/3/2020 16:56:00,20.31,20.71,19.95,20.65,9488900
8/4/2020 16:56:00,20.37,20.81,20.21,20.63,7880700
8/5/2020 16:56:00,20.83,21.11,20.73,20.76,7576000
8/6/2020 16:56:00,21.01,21.55,20.88,21.48,11019800
8/7/2020 16:56:00,21.31,21.88,21.09,21.42,11619700
8/10/2020 16:56:00,21.55,21.58,20.29,20.49,15319400
8/11/2020 16:56:00,20.68,20.75,20.06,20.25,10667300
8/12/2020 16:56:00,20.33,20.54,19.81,20.02,11036100
8/13/2020 16:56:00,20.16,21.01,19.87,20.12,15826000
8/14/2020 16:56:00,20.16,20.61,20.06,20.45,10659700
8/17/2020 16:56:00,20.63,20.87,19.85,20.42,14730200
8/18/2020 16:56:00,21.38,22.46,21.01,22.38,31981500
8/19/2020 16:56:00,22.26,22.56,22.06,22.43,13681200
8/20/2020 16:56:00,22.05,22.07,21.54,21.84,13690400
8/21/2020 16:56:00,21.75,22.18,21.61,21.84,8255100
8/24/2020 16:56:00,22.05,22.28,21.66,21.78,7841100
8/25/2020 16:56:00,21.98,22.18,21.86,22.01,7400600
8/26/2020 16:56:00,22.03,22.88,22,22.54,17315300
8/27/2020 16:56:00,22.61,23.04,22.61,23,12298500
8/28/2020 16:56:00,23.13,23.65,22.98,23.65,9884200
8/31/2020 16:56:00,23.63,23.64,23.1,23.31,11201600
9/1/2020 16:56:00,23.56,24.07,23.42,23.84,8807100
9/2/2020 16:56:00,23.98,24.11,23.26,23.38,10207700
9/3/2020 16:56:00,23.46,23.58,21.81,22.13,21280200
9/4/2020 16:56:00,22.37,22.62,20.87,22.2,22569400
9/8/2020 16:56:00,21.77,22.38,21.38,21.93,11322600
9/9/2020 16:56:00,22.26,22.86,22.26,22.81,11440700
9/10/2020 16:56:00,22.85,23.43,21.76,22.07,16484100
9/11/2020 16:56:00,22.35,22.61,21.79,21.9,12034400
9/14/2020 16:56:00,22.31,22.97,22.26,22.58,12471200
9/15/2020 16:56:00,22.86,23.12,22.28,22.4,11389300
9/16/2020 16:56:00,22.46,22.73,22.16,22.3,9244900
9/17/2020 16:56:00,22.15,22.33,21.67,21.78,12386700
9/18/2020 16:56:00,21.91,22.39,21.52,21.8,15117100
9/21/2020 16:56:00,21.31,22.29,21.09,22.18,15244800
9/22/2020 16:56:00,22.41,22.55,21.88,22.38,13186700
9/23/2020 16:56:00,22.38,22.5,21.56,21.63,10835300
9/24/2020 16:56:00,21.73,22.45,21.43,22.33,12112500
9/25/2020 16:56:00,22.11,22.78,21.88,22.66,10779800
9/28/2020 16:56:00,22.91,23.08,21.76,21.87,15764000
9/29/2020 16:56:00,21.89,22.22,21.65,21.88,9575900
9/30/2020 16:56:00,22.03,22.48,21.82,22.31,11744800
10/1/2020 16:56:00,22.34,22.98,22.31,22.98,11403300
10/2/2020 16:56:00,22.77,22.95,21.91,22.02,14881800
10/5/2020 16:56:00,22.25,22.68,22.07,22.54,12026900
10/6/2020 16:56:00,22.76,22.81,22.22,22.33,10694500
10/7/2020 16:56:00,22.43,22.7,22.23,22.24,10408400
10/8/2020 16:56:00,22.46,23.01,22.28,22.97,11642300
10/9/2020 16:56:00,22.98,24.54,22.91,24.54,23091900
10/13/2020 16:56:00,24.89,26.11,24.88,26.01,23677800
10/14/2020 16:56:00,26.51,27.26,25.05,25.69,83598100
10/15/2020 16:56:00,25.03,26.08,25.01,25.52,34750000
10/16/2020 16:56:00,25.77,26.06,25.17,25.81,32673100
10/19/2020 16:56:00,26.12,26.31,25.36,25.7,36433600
10/20/2020 16:56:00,25.81,26.15,25.66,26.05,27788700
10/21/2020 16:56:00,26.01,26.81,25.97,26.23,35433800
10/22/2020 16:56:00,26.36,26.41,26.01,26.11,23097100
10/23/2020 16:56:00,26.11,26.22,25.66,25.93,23943900
10/26/2020 16:56:00,25.81,26.11,25.12,25.48,25781400
10/27/2020 16:56:00,25.54,25.76,25.13,25.46,20697400
10/28/2020 16:56:00,24.81,25.25,24.41,24.64,36016800
10/29/2020 16:56:00,24.41,25.59,23.89,25.37,37853300
10/30/2020 16:56:00,25.16,25.31,24.17,24.64,31118300
11/3/2020 16:56:00,25.29,25.4,24.76,25,25250200
11/4/2020 16:56:00,25.41,26.64,25.38,26.2,51188300
11/5/2020 16:56:00,26.89,27.71,26.75,27.46,46382700
11/6/2020 16:56:00,27.01,27.37,26.52,27.34,33294500
11/9/2020 16:56:00,28.16,28.32,26.36,26.46,71761700
11/10/2020 16:56:00,26.02,27.13,25.19,25.23,79060600
11/11/2020 16:56:00,25.41,26.22,25.29,25.59,51171300
11/12/2020 16:56:00,25.54,25.96,24.92,25.49,33819000
11/13/2020 16:56:00,25.77,25.79,24.87,25.11,35563800
11/16/2020 16:56:00,25.31,25.4,24.28,24.86,41356200
11/17/2020 16:56:00,24.76,25.28,24.54,24.74,31907900
11/18/2020 16:56:00,24.71,24.74,24.08,24.55,31523100
11/19/2020 16:56:00,24.54,24.73,23.83,24.65,50040100
11/20/2020 16:56:00,24.95,24.96,24.02,24.21,39258900
11/23/2020 16:56:00,24.31,24.38,23.23,23.43,59639700
11/24/2020 16:56:00,23.38,23.98,22.91,23.71,57465100
11/25/2020 16:56:00,23.68,24.32,23.53,24.01,38914800
11/26/2020 16:56:00,23.91,24.31,23.83,24.26,23108700
11/27/2020 16:56:00,24.33,24.56,23.93,24.2,36125600
11/30/2020 16:56:00,24.21,24.7,23.23,23.39,67110300
12/1/2020 16:56:00,23.66,23.78,22.61,22.89,49280200
12/2/2020 16:56:00,22.89,23.18,22.76,23.06,25575700
12/3/2020 16:56:00,23.09,23.61,22.94,23.31,33183700
12/4/2020 16:56:00,23.43,23.86,23.18,23.67,22737900
12/7/2020 16:56:00,23.67,24.28,23.44,23.81,24571500
12/8/2020 16:56:00,23.74,24.96,23.62,24.96,42095700
12/9/2020 16:56:00,24.96,25.07,23.82,23.99,41174000
12/10/2020 16:56:00,24.11,24.17,23.18,23.41,33674300
12/11/2020 16:56:00,23.1,23.54,22.73,23,38144400
12/14/2020 16:56:00,23.01,24.23,22.88,24.06,43300500
12/15/2020 16:56:00,24.17,24.83,23.65,24.62,39496800
12/16/2020 16:56:00,24.51,24.98,24.18,24.97,41309900
12/17/2020 16:56:00,24.87,25.12,24.37,24.55,23427200
12/18/2020 16:56:00,24.49,24.64,24.11,24.53,31019400
12/21/2020 16:56:00,23.94,25.39,23.62,25.01,52188800
12/22/2020 16:56:00,25.3,25.43,24.86,25.17,25236200
12/23/2020 16:56:00,25.26,25.64,24.98,24.98,20558600
12/28/2020 16:56:00,24.79,25.34,24.41,25.26,23099100
12/29/2020 16:56:00,25.24,25.57,25.03,25.29,17789700
12/30/2020 16:56:00,25.38,25.67,24.96,24.96,19188700
1/4/2021 16:56:00,25.27,25.59,24.88,25.21,25706100
1/5/2021 16:56:00,25.11,25.19,24.35,24.77,25431900
1/6/2021 16:56:00,24.66,24.67,23.43,23.47,51799000
1/7/2021 16:56:00,23.65,23.86,22.96,23.17,42146600
1/8/2021 16:56:00,23.2,24.31,23.03,23.85,43988100
1/11/2021 16:56:00,23.51,23.86,23.34,23.5,26648100
1/12/2021 19:30:00,23.61,24.33,23.26,24.21,35040100
1/13/2021 16:56:00,24.21,24.21,23.56,24.03,25610200
1/14/2021 16:56:00,23.74,23.74,23.74,23.74,25548400
1/15/2021 16:56:00,23.43,24.12,23.36,23.97,32761100
1/18/2021 16:56:00,24.06,24.66,23.92,24.46,24257200
1/19/2021 16:56:00,24.55,24.96,23.83,24.09,21025600
1/20/2021 16:56:00,24.19,25.54,24.13,25.43,48089300
1/21/2021 16:56:00,25.41,25.66,24.86,25.5,33038900
1/22/2021 16:56:00,25.14,26.31,25.11,26,43004200
1/26/2021 16:56:00,26.26,27.08,25.68,25.76,44474300
1/27/2021 16:56:00,25.73,26.4,25.36,25.8,44942000
1/28/2021 16:56:00,25.88,26.51,25.4,26.2,32819900
1/29/2021 16:56:00,25.75,26.09,25.04,25.28,36141300
2/1/2021 16:56:00,25.69,25.75,24.76,24.94,29267700
2/2/2021 16:56:00,25.31,25.74,25.21,25.31,27563200
2/3/2021 16:56:00,25.45,25.78,25.05,25.66,20963300
2/4/2021 16:56:00,25.65,26.21,25.17,25.32,19706400
2/5/2021 16:56:00,25.39,26.1,25.39,25.86,24918700
2/8/2021 16:56:00,25.86,26.41,25.53,26.17,25773300
2/9/2021 16:56:00,26.17,26.46,25.91,26.25,19348100
2/10/2021 16:56:00,25.31,25.31,25.31,25.31,40037100
2/11/2021 16:56:00,25.51,25.96,25.51,25.66,20569900
2/12/2021 16:56:00,25.53,25.99,25.36,25.92,15132400
2/17/2021 16:56:00,25.73,26.22,25.47,25.51,24753500
2/18/2021 16:56:00,25.51,25.6,24.81,25.05,22577800
2/19/2021 16:56:00,24.93,25.4,24.2,24.95,38672200
2/22/2021 16:56:00,24.24,24.53,23.67,24.26,41412400
2/23/2021 16:56:00,24.31,25.09,23.86,24.87,43889700
2/24/2021 16:56:00,24.94,25.11,24.21,24.65,37411000
2/25/2021 16:56:00,24.6,25.03,23.82,24.06,57969900
2/26/2021 16:56:00,24.09,24.97,23.99,24.19,45690100
3/1/2021 16:56:00,24.57,25.01,24.18,24.56,22131200
3/2/2021 16:56:00,24.3,24.61,23.6,24.28,35351400
3/3/2021 16:56:00,24.54,25.29,23.51,25.13,47195300
3/4/2021 16:56:00,25.12,25.71,24.89,25.45,40538300
3/5/2021 16:56:00,25.2,25.35,24.57,25.14,45992500
3/8/2021 16:56:00,24.7,24.78,23.11,23.11,82907400
3/9/2021 16:56:00,23.56,23.98,23.32,23.4,73816700
3/10/2021 16:56:00,23.76,25.1,23.48,24.91,41874800
3/11/2021 16:56:00,25.08,25.09,24.47,24.81,30648100
3/12/2021 19:30:00,24.61,24.91,24.28,24.58,24567300
3/15/2021 16:56:00,24.36,24.77,23.56,23.73,77116200
3/16/2021 16:56:00,23.83,24.4,23.61,24.16,38217700
3/17/2021 16:56:00,23.87,24.06,23.42,23.95,37571800
3/18/2021 16:56:00,23.77,23.86,22.08,22.29,54327100
3/19/2021 16:56:00,22.49,22.66,22.04,22.3,63771900
3/22/2021 16:56:00,22.41,22.74,21.46,21.92,46283500
3/23/2021 16:56:00,21.81,22.04,21.36,21.52,30972400
3/24/2021 16:56:00,21.49,21.52,20.22,20.38,59851100
3/25/2021 16:56:00,20.06,20.98,19.98,20.31,49084600
3/26/2021 16:56:00,20.41,20.71,19.71,19.99,50504800
3/29/2021 16:56:00,19.94,20.06,19.41,19.66,41482100
3/30/2021 16:56:00,19.5,20.33,19.43,20.07,36267200
3/31/2021 16:56:00,20.17,20.47,19.68,20.25,36377800
4/1/2021 16:56:00,20.29,21.03,20.06,20.45,43136300
4/5/2021 16:56:00,20.61,20.74,19.94,20.43,27289400
4/6/2021 16:56:00,20.35,20.73,20.07,20.61,26541200
4/7/2021 16:56:00,20.51,20.54,20.04,20.19,25362800
4/8/2021 16:56:00,20.24,21.91,20.22,21.86,56482000
4/9/2021 16:56:00,21.66,22.03,21.61,21.68,35804300
4/12/2021 19:30:00,21.79,21.94,21.62,21.66,20807400
4/13/2021 16:56:00,21.73,22.3,21.49,22.21,29003400
4/14/2021 16:56:00,22.36,22.36,21.88,22.13,24257100
4/15/2021 16:56:00,22.23,22.53,22.11,22.21,18452800
4/16/2021 16:56:00,22.2,22.26,21.77,21.93,19863700
4/19/2021 16:56:00,21.92,22.16,21.55,21.66,22104000
4/20/2021 16:56:00,21.65,21.81,21.43,21.61,20527200
4/22/2021 16:56:00,21.72,21.86,21.12,21.16,22627800
4/23/2021 16:56:00,21.27,21.74,21.14,21.74,25864500
4/26/2021 16:56:00,21.62,21.82,21.51,21.72,19630100
4/27/2021 16:56:00,21.61,21.66,20.94,20.96,15920900
4/28/2021 16:56:00,20.95,21.11,20.59,20.66,28538900
4/29/2021 16:56:00,20.64,20.68,19.92,20.27,34394600
4/30/2021 16:56:00,20.11,20.4,19.88,20.04,29426800
5/3/2021 16:56:00,20.12,20.26,19.91,20.19,17801100
5/4/2021 16:56:00,20.19,20.24,19.65,19.76,19458300
5/5/2021 16:56:00,19.86,20.1,19.69,19.91,15035400
5/6/2021 16:56:00,19.86,19.96,19.31,19.47,27062800
5/7/2021 16:56:00,19.59,19.91,19.34,19.9,23586600
5/10/2021 16:56:00,19.9,19.99,19.06,19.21,22189400
5/11/2021 16:56:00,19.01,19.4,18.67,19.33,26674800
5/12/2021 16:56:00,19.01,19.16,18.51,18.6,21900200
5/13/2021 16:56:00,18.82,19.26,18.74,19.14,19821800
5/14/2021 16:56:00,19.61,19.75,18.98,19.16,27030400
5/17/2021 16:56:00,19.13,19.23,18.74,18.87,15761200
5/18/2021 16:56:00,18.84,19.42,18.78,18.98,18115000
5/19/2021 16:56:00,18.77,19.13,18.55,18.69,16876700
5/20/2021 16:56:00,18.69,18.89,18.61,18.75,11105100
5/21/2021 16:56:00,18.76,18.79,18.26,18.54,22898700
5/24/2021 16:56:00,18.56,20.07,18.52,20.01,43974700
5/25/2021 16:56:00,20.21,20.67,20.03,20.03,33802700
5/26/2021 16:56:00,20.37,20.4,19.66,19.68,19546100
5/27/2021 16:56:00,19.75,19.85,19.48,19.6,22849600
5/28/2021 16:56:00,19.71,20.43,19.63,20.26,19444100
5/31/2021 16:56:00,20.27,20.41,19.99,20.17,12532200
6/1/2021 16:56:00,20.27,20.66,20.22,20.36,17996900
6/2/2021 16:56:00,20.42,21.27,20.26,20.51,27396500
6/4/2021 16:56:00,20.62,21.06,20.52,20.86,17904800
6/7/2021 16:56:00,20.95,21,20.58,20.81,13595500
6/8/2021 16:56:00,21.1,21.44,20.86,21.06,35077700
6/9/2021 16:56:00,21.06,21.1,20.23,20.28,26842000
6/10/2021 16:56:00,20.35,20.4,19.94,20.29,15648300
6/11/2021 16:56:00,20.29,20.49,20,20.39,11329600
6/14/2021 16:56:00,20.45,20.74,20.39,20.6,16590200
6/15/2021 16:56:00,20.57,21.19,20.49,20.9,22663200
6/16/2021 16:56:00,20.96,21.01,20.07,20.32,29179100
6/17/2021 16:56:00,20.31,21.38,20.09,21.32,30637500
6/18/2021 16:56:00,21.32,21.52,21.03,21.08,28642600
6/21/2021 16:56:00,21.18,21.33,20.89,21.28,10966600
6/22/2021 16:56:00,21.34,21.35,20.67,20.98,16399200
6/23/2021 16:56:00,20.96,21.23,20.52,20.59,16522500
6/24/2021 16:56:00,20.81,21.74,20.71,21.66,31539400
6/25/2021 16:56:00,21.78,21.94,21.07,21.4,29899300
6/28/2021 16:56:00,21.4,21.85,21.13,21.54,20884200
6/29/2021 16:56:00,21.54,21.7,21.06,21.68,11798500
6/30/2021 16:56:00,21.54,21.61,21.02,21.16,25299600
7/1/2021 16:56:00,21.23,21.28,20.43,20.7,18162800
7/2/2021 16:56:00,20.81,21.7,20.77,21.65,24246800
7/5/2021 16:56:00,21.51,21.61,21.14,21.39,8716100
7/6/2021 16:56:00,21.15,21.44,20.96,21.08,19834500
7/7/2021 16:56:00,21.31,22.16,21.29,22.02,30825300
7/8/2021 16:56:00,21.69,22.08,21.49,21.93,18120000
7/12/2021 19:30:00,22.07,22.41,21.96,22.11,20406700
7/13/2021 16:56:00,21.98,22.55,21.78,22.5,22948200
7/14/2021 16:56:00,22.6,22.93,22.51,22.93,29771000
7/15/2021 16:56:00,23.9,24.57,23.71,23.72,60427800
7/16/2021 16:56:00,23.82,24.34,23.81,23.9,25944100
7/19/2021 16:56:00,23.65,23.88,22.96,23.12,19528800
7/20/2021 16:56:00,23.2,23.38,22.7,23.37,18213800
7/21/2021 16:56:00,23.27,23.52,22.97,23.36,12301500
7/22/2021 16:56:00,23.39,23.52,23.05,23.25,17395500
7/23/2021 16:56:00,22.8,22.93,22.21,22.6,33320900
7/26/2021 16:56:00,22.73,22.76,22.02,22.04,17731100
7/27/2021 16:56:00,22.08,22.16,21.1,21.45,26917800
7/28/2021 16:56:00,21.59,21.78,21.22,21.53,17736600
7/29/2021 16:56:00,21.58,22.15,21.4,21.72,18346000
7/30/2021 16:56:00,21.44,21.7,20.55,20.6,30461200
8/2/2021 16:56:00,20.91,21.07,20.56,20.63,23874900
8/3/2021 16:56:00,20.6,20.65,19.72,20.43,18984200
8/4/2021 16:56:00,20.29,20.32,19.72,19.96,27526900
8/5/2021 16:56:00,20.12,20.75,19.99,20.46,35525100
8/6/2021 16:56:00,20.53,20.88,20.14,20.68,20427500
8/9/2021 16:56:00,20.57,20.88,20.43,20.49,14217100
8/10/2021 16:56:00,20.53,20.76,20.13,20.4,19570900
8/11/2021 16:56:00,20.41,20.96,20.15,20.91,18593600
8/12/2021 19:30:00,20.74,21.26,20.54,20.97,24833500
8/13/2021 16:56:00,21.1,21.17,19.88,20.27,44193200
8/16/2021 16:56:00,20.23,20.4,19.4,19.42,32682500
8/17/2021 16:56:00,19.28,19.66,18.71,19.31,30147900
8/18/2021 16:56:00,19.42,19.5,18.63,18.84,33337500
8/19/2021 16:56:00,18.58,19.08,18.11,18.95,32887300
8/20/2021 16:56:00,18.7,19,18.4,18.86,23867700
8/23/2021 16:56:00,19.02,19.05,18.07,18.13,29506500
8/24/2021 16:56:00,18.34,19.34,18.15,19.24,70379800
8/25/2021 16:56:00,19.12,19.56,19.03,19.55,30751500
8/26/2021 16:56:00,19.47,19.7,18.69,18.8,34921000
8/27/2021 16:56:00,18.92,19.15,18.76,19.03,22854400
8/30/2021 16:56:00,18.94,19.1,18.49,18.88,22428500
8/31/2021 16:56:00,18.75,19.06,18.14,18.24,30710300
9/1/2021 16:56:00,18.36,18.86,18.28,18.68,22207800
9/2/2021 16:56:00,18.66,18.66,17.86,18.01,26117200
9/3/2021 16:56:00,18.1,18.9,17.9,18.9,46378200
9/6/2021 16:56:00,18.86,19.5,18.76,19.48,18350600
9/8/2021 16:56:00,19.25,19.33,18.65,18.79,36352200
9/9/2021 16:56:00,18.9,19.42,17.96,18.85,35169300
9/10/2021 16:56:00,19.06,19.12,17.18,17.18,73358000
9/13/2021 16:56:00,17.59,18.04,17.43,17.44,35718800
9/14/2021 16:56:00,17.54,17.78,16.85,17.03,49175200
9/15/2021 16:56:00,17.08,17.13,16.49,16.62,30868200
9/16/2021 16:56:00,16.45,16.62,16.11,16.37,31384100
9/17/2021 16:56:00,16.31,16.77,15.86,16.57,44037800
9/20/2021 16:56:00,16.24,16.41,15.79,16.05,26978100
9/21/2021 16:56:00,16.16,16.61,15.82,16.39,29849400
9/22/2021 16:56:00,16.6,16.72,16.16,16.34,23824200
9/23/2021 16:56:00,16.4,16.52,15.81,15.87,31272400
9/24/2021 16:56:00,15.68,15.73,15.36,15.63,29218300
9/27/2021 16:56:00,15.52,15.72,14.92,15.01,33040100
9/28/2021 16:56:00,14.81,14.96,14.02,14.18,55253500
9/29/2021 16:56:00,14.3,14.51,13.87,13.94,41753900
9/30/2021 16:56:00,13.98,14.71,13.92,14.34,55324400
10/1/2021 16:56:00,14.4,14.71,14.07,14.55,32423800
10/4/2021 16:56:00,14.25,14.28,13.53,13.71,54061500
10/5/2021 16:56:00,13.8,14.13,13.54,13.68,41274500
10/6/2021 16:56:00,13.49,14.6,13.15,14.46,73344200
10/7/2021 16:56:00,14.6,14.84,14,14.03,39573200
10/8/2021 16:56:00,14.26,15.35,14.26,14.97,54839800
10/11/2021 16:56:00,15.04,15.06,14.35,14.38,30124900
10/13/2021 16:56:00,14.42,14.65,14.29,14.5,29912600
10/14/2021 16:56:00,14.6,14.63,14.1,14.17,26031600
10/15/2021 16:56:00,14.21,14.65,14.1,14.56,23118100
10/18/2021 16:56:00,14.39,14.44,14.02,14.28,38983400
10/19/2021 16:56:00,14.11,14.28,13.59,13.73,36121500
10/20/2021 16:56:00,13.84,13.89,13.13,13.27,60990300
10/21/2021 16:56:00,12.89,13.2,12.28,12.41,69044800
10/22/2021 16:56:00,12.35,12.95,11.86,12.42,69424400
10/25/2021 16:56:00,12.49,12.83,12.27,12.34,34938300
10/26/2021 16:56:00,12.29,12.35,11.73,11.98,37126500
10/27/2021 16:56:00,12.07,12.43,11.54,11.6,41683000
10/28/2021 16:56:00,11.49,11.76,11.07,11.15,42390700
10/29/2021 16:56:00,11.24,11.36,10.73,10.81,41570400
11/1/2021 16:56:00,10.87,11.43,10.86,11.3,31309000
11/3/2021 16:56:00,11.19,11.67,10.99,11.55,47660400
11/4/2021 16:56:00,11.5,11.82,10.93,11.08,34112300
11/5/2021 16:56:00,11.22,12.62,11.16,12.44,66246300
11/8/2021 16:56:00,12.31,12.66,11.87,11.93,47182200
11/9/2021 16:56:00,12.05,13.8,12.05,13.13,67266300
11/10/2021 16:56:00,13.2,13.54,12.82,13.02,60782500
11/11/2021 16:56:00,13.3,14.26,13.12,13.65,65760100
11/12/2021 19:30:00,12.65,12.78,11.15,11.15,142722700
11/16/2021 16:56:00,11.19,11.4,9.74,9.74,141030500
11/17/2021 16:56:00,9.91,10.14,9.19,9.27,131992600
11/18/2021 16:56:00,9.36,9.6,8.99,8.99,76651700
11/19/2021 19:30:00,9.05,9.87,8.94,9.27,93775200
11/22/2021 19:30:00,9.4,9.68,8.81,8.84,68026000
11/23/2021 19:30:00,9,9.05,8.47,8.6,84966000
11/24/2021 19:30:00,8.5,9.01,8.45,8.82,79041600
11/25/2021 19:30:00,8.84,9.04,8.61,8.7,58775400
11/26/2021 19:30:00,8.48,8.57,8.03,8.06,63464200
11/29/2021 19:30:00,8.19,8.47,7.98,8.04,85239300
11/30/2021 18:00:00,7.99,8.11,7.6,7.8,93767300
12/1/2021 16:56:00,8.05,8.1,6.88,6.88,140235300
12/2/2021 16:56:00,6.95,7.19,6.45,6.76,173860500
12/3/2021 16:56:00,6.78,7.28,6.72,7.05,141729400
12/6/2021 16:56:00,7.15,7.44,7.1,7.3,84613800
12/7/2021 16:56:00,7.49,7.72,7.37,7.62,85258900
12/8/2021 16:56:00,7.56,7.57,6.63,6.81,255628900
12/9/2021 16:56:00,6.76,6.76,6.21,6.28,257831300
12/10/2021 16:56:00,6.43,6.51,6.01,6.37,209180700
12/13/2021 18:00:00,6.38,6.72,6.05,6.05,255551000
12/14/2021 18:00:00,6.15,6.2,5.73,5.74,142696200
12/15/2021 18:00:00,5.71,6.24,5.62,6.17,153002500
12/16/2021 18:00:00,6.28,6.51,6.13,6.4,149883500
12/17/2021 18:00:00,6.19,6.73,6.06,6.66,146574300
12/20/2021 18:00:00,6.42,6.72,6.24,6.33,92822000
12/21/2021 18:00:00,6.42,6.61,6.22,6.42,112070500
12/22/2021 18:00:00,6.42,6.61,6.14,6.16,85327900
12/23/2021 18:00:00,6.22,6.34,5.99,6.2,97106100
12/27/2021 18:00:00,6.23,6.78,6.23,6.78,124279800
12/28/2021 18:00:00,6.79,6.96,6.64,6.83,165573900
12/29/2021 18:00:00,6.84,6.9,6.7,6.76,79247400
12/30/2021 18:00:00,6.8,7.41,6.77,7.22,180329400
1/3/2022 16:56:00,7.41,7.41,6.67,6.72,145442000
1/4/2022 16:56:00,6.78,6.94,6.45,6.61,94735500
1/5/2022 16:56:00,6.52,6.73,6.37,6.42,92667900
1/6/2022 16:56:00,6.46,6.53,6.13,6.25,96480700
1/7/2022 16:56:00,6.27,6.63,6.11,6.22,132688900
1/10/2022 16:56:00,6.14,6.15,5.74,5.74,114384500
1/11/2022 16:56:00,5.75,6.01,5.72,5.87,142963700
1/12/2022 16:56:00,5.9,6.37,5.78,6.31,127342800
1/13/2022 16:56:00,6.25,6.28,5.9,6.09,129178200
1/14/2022 16:56:00,6.11,6.42,6.08,6.33,104045500
1/17/2022 16:56:00,6.27,6.38,6.12,6.12,61801100
1/18/2022 16:56:00,6.08,6.23,5.89,5.89,117014400
1/19/2022 16:56:00,6.01,6.6,6.01,6.31,197823800
1/20/2022 16:56:00,6.36,6.81,6.35,6.65,140783000
1/21/2022 16:56:00,6.54,7.08,6.46,6.9,151141500
1/24/2022 16:56:00,6.89,7,6.39,6.39,133101300
1/25/2022 16:56:00,6.36,6.76,6.2,6.72,172082000
1/26/2022 16:56:00,6.95,7.08,6.6,6.75,135589900
1/27/2022 16:56:00,6.91,7.28,6.88,7.22,161788200
1/28/2022 16:56:00,7.21,7.23,6.62,6.71,185694500
1/31/2022 16:56:00,6.8,7.11,6.67,7,149358700
2/1/2022 16:56:00,7,7.33,6.88,7.01,154376100
2/2/2022 16:56:00,7.09,7.25,6.44,6.51,208153600
2/3/2022 16:56:00,6.6,6.85,6.34,6.53,165148300
2/4/2022 16:56:00,6.55,6.6,6.2,6.33,115693100
2/7/2022 16:56:00,6.33,6.6,6.23,6.31,106137300
2/8/2022 16:56:00,6.31,6.54,6.24,6.54,87217200
2/9/2022 16:56:00,6.59,6.85,6.38,6.6,108643400
2/10/2022 16:56:00,6.67,6.98,6.43,6.94,156928400
2/11/2022 16:56:00,6.98,7.02,6.3,6.35,194913400
2/14/2022 16:56:00,6.35,6.62,6.32,6.48,117301900
2/15/2022 16:56:00,6.61,6.84,6.61,6.84,94930300
2/16/2022 16:56:00,6.83,6.98,6.72,6.82,100338500
2/17/2022 16:56:00,6.81,6.93,6.59,6.63,97374700
2/18/2022 16:56:00,6.72,6.82,6.36,6.36,121026600
2/21/2022 16:56:00,6.42,6.45,6.02,6.02,86564900
2/22/2022 16:56:00,6.17,6.31,6.01,6.07,130958600
2/23/2022 16:56:00,6.14,6.49,5.91,5.91,147448300
2/24/2022 16:56:00,5.55,6.16,5.33,6.12,165699000
2/25/2022 16:56:00,6.19,6.27,5.86,6.01,133697800
3/2/2022 16:56:00,5.95,6.34,5.94,6.31,101490000
3/3/2022 16:56:00,6.33,6.48,6.15,6.31,102314000
3/4/2022 16:56:00,6.29,6.41,6.11,6.29,87715200
3/7/2022 16:56:00,6.22,6.34,5.8,5.85,87037200
3/8/2022 16:56:00,6.05,6.25,5.75,6.05,147315700
3/9/2022 16:56:00,6.23,6.52,6.17,6.23,138833100
3/10/2022 16:56:00,6.15,6.16,5.82,5.96,141801900
3/11/2022 16:56:00,6.03,6.3,5.69,5.69,163946800
3/14/2022 16:56:00,5.86,5.89,5.3,5.33,131881600
3/15/2022 16:56:00,4.8,5.02,4.65,4.87,251964700
3/16/2022 16:56:00,5.05,5.2,4.91,5.13,163041600
3/17/2022 16:56:00,5.13,5.55,5.01,5.54,158527400
3/18/2022 16:56:00,5.42,5.87,5.38,5.82,131606300
3/21/2022 16:56:00,5.84,5.96,5.65,5.72,124773100
3/22/2022 16:56:00,5.8,5.98,5.71,5.81,120710900
3/23/2022 16:56:00,5.79,6.04,5.69,6,165782700
3/24/2022 16:56:00,6.05,6.67,5.97,6.6,185541800
3/25/2022 16:56:00,6.63,6.8,6.34,6.54,139970100
3/28/2022 16:56:00,6.55,6.67,6.39,6.47,81990200
3/29/2022 16:56:00,6.68,7.12,6.68,7,167686200
3/30/2022 16:56:00,7.01,7.13,6.73,6.87,118907800
3/31/2022 16:56:00,6.93,6.99,6.76,6.82,100197800
4/1/2022 16:56:00,6.92,7.38,6.88,7.35,141943100
4/4/2022 16:56:00,7.35,7.36,7.03,7.19,99313700
4/5/2022 16:56:00,7.17,7.38,6.86,6.91,109998700
4/6/2022 16:56:00,6.81,6.83,6.45,6.62,119018900
4/7/2022 16:56:00,6.59,6.84,6.47,6.56,129379100
4/8/2022 16:56:00,6.35,6.36,6.08,6.13,143068000
4/11/2022 16:56:00,5.95,6.2,5.84,6.08,100404000
4/12/2022 16:56:00,6.32,6.4,5.96,5.97,115503700
4/13/2022 16:56:00,6.08,6.17,5.93,6.03,101627200
4/14/2022 16:56:00,6,6.07,5.92,6.01,87405000
4/18/2022 16:56:00,5.99,6.04,5.81,5.89,86491400
4/19/2022 16:56:00,5.85,6.02,5.76,5.94,85633600